{
    "disneydream.wish":{
        "category": "record",
        "sounds": [
            {
                "name": "disneydream/wish",
                "stream":false
            }]
    },"disneydream.ourguest":{
        "category": "record",
        "sounds": [
            {
                "name": "disneydream/ourguest",
                "stream":false
            }]
    },"disneydream.emergency":{
        "category": "record",
        "sounds": [
            {
                "name": "disneydream/emergency",
                "stream":false
            }]
    },"disneydream.standard":{
        "category": "record",
        "sounds": [
            {
                "name": "disneydream/standard",
                "stream":false
            }]
    },"disneydream.actorslife":{
        "category": "record",
        "sounds": [
            {
                "name": "disneydream/actorslife",
                "stream":false
            }]
    },"disneydream.smallworld":{
        "category": "record",
        "sounds": [
            {
                "name": "disneydream/smallworld",
                "stream":false
            }]
    },"disneydream.wishuponfull":{
        "category": "record",
        "sounds": [
            {
                "name": "disneydream/wishuponfull",
                "stream":false
            }]
    },"disneydream.wishupon2":{
        "category": "record",
        "sounds": [
            {
                "name": "disneydream/wishupon2",
                "stream":false
            }]
    },"disneydream.wishupon3":{
        "category": "record",
        "sounds": [
            {
                "name": "disneydream/wishupon3",
                "stream":false
            }]
    },"disneydream.pirate":{
        "category": "record",
        "sounds": [
            {
                "name": "disneydream/pirate",
                "stream":false
            }]
    },"disneydream.intercom":{
        "category": "record",
        "sounds": [
            {
                "name": "disneydream/intercom",
                "stream":false
            }]
    },"disneydream.buccaneer":{
        "category": "record",
        "sounds": [
            {
                "name": "disneydream/buccaneer",
                "stream":true
            }]
    },"monorail.boardandsafety":{
        "category": "record",
        "sounds": [
            {
                "name": "monorail/boardandsafety",
                "stream":false
            }]
    },"monorail.pleasestandclear":{
        "category": "record",
        "sounds": [
            {
                "name": "monorail/pleasestandclear",
                "stream":false
            }]
    },"monorail.epcot.arriveepcot":{
        "category": "record",
        "sounds": [
            {
                "name": "monorail/epcot/arriveepcot",
                "stream":false
            }]
    },"monorail.epcot.arrivettc":{
        "category": "record",
        "sounds": [
            {
                "name": "monorail/epcot/arrivettc",
                "stream":false
            }]
    },"monorail.epcot.leavingttc":{
        "category": "record",
        "sounds": [
            {
                "name": "monorail/epcot/leavingttc",
                "stream":false
            }]
    },"monorail.epcot.travelingepcot01":{
        "category": "record",
        "sounds": [
            {
                "name": "monorail/epcot/travelingepcot01",
                "stream":false
            }]
    },"monorail.epcot.travelingepcot02":{
        "category": "record",
        "sounds": [
            {
                "name": "monorail/epcot/travelingepcot02",
                "stream":false
            }]
    },"monorail.epcot.travelingepcot03":{
        "category": "record",
        "sounds": [
            {
                "name": "monorail/epcot/travelingepcot03",
                "stream":false
            }]
    },"monorail.epcot.travelingepcot04":{
        "category": "record",
        "sounds": [
            {
                "name": "monorail/epcot/travelingepcot04",
                "stream":false
            }]
    },"monorail.expressmk.arrivemk":{
        "category": "record",
        "sounds": [
            {
                "name": "monorail/expressmk/arrivemk",
                "stream":false
            }]
    },"monorail.expressmk.arrivettc":{
        "category": "record",
        "sounds": [
            {
                "name": "monorail/expressmk/arrivettc",
                "stream":false
            }]
    },"monorail.expressmk.enteringmk":{
        "category": "record",
        "sounds": [
            {
                "name": "monorail/expressmk/enteringmk",
                "stream":false
            }]
    },"monorail.expressmk.enteringttc":{
        "category": "record",
        "sounds": [
            {
                "name": "monorail/expressmk/enteringttc",
                "stream":false
            }]            
    },"monorail.expressmk.leavingmk":{
        "category": "record",
        "sounds": [
            {
                "name": "monorail/expressmk/leavingmk",
                "stream":false
            }]
    },"monorail.expressmk.leavingttc":{
        "category": "record",
        "sounds": [
            {
                "name": "monorail/expressmk/leavingttc",
                "stream":false
            }]
    },"monorail.expressmk.travelingmk01":{
        "category": "record",
        "sounds": [
            {
                "name": "monorail/expressmk/travelingmk01",
                "stream":false
            }]
    },"monorail.expressmk.travelingmk02":{
        "category": "record",
        "sounds": [
            {
                "name": "monorail/expressmk/travelingmk02",
                "stream":false
            }]
    },"monorail.expressmk.travelingmk03":{
        "category": "record",
        "sounds": [
            {
                "name": "monorail/expressmk/travelingmk03",
                "stream":false
            }]
    },"monorail.expressmk.travelingmk04":{
        "category": "record",
        "sounds": [
            {
                "name": "monorail/expressmk/travelingmk04",
                "stream":false
            }]            
    },"monorail.expressmk.travelingmk05":{
        "category": "record",
        "sounds": [
            {
                "name": "monorail/expressmk/travelingmk05",
                "stream":false
            }]
    },"monorail.expressmk.travelingmkcontemporary":{
        "category": "record",
        "sounds": [
            {
                "name": "monorail/expressmk/travelingmkcontemporary",
                "stream":false
            }]
    },"monorail.expressmk.travelingmkfloridian":{
        "category": "record",
        "sounds": [
            {
                "name": "monorail/expressmk/travelingmkfloridian",
                "stream":false
            }]
    },"monorail.expressmk.travelingmkpolynesian":{
        "category": "record",
        "sounds": [
            {
                "name": "monorail/expressmk/travelingmkpolynesian",
                "stream":false
            }]
    },"monorail.resortloop.arrivecr":{
        "category": "record",
        "sounds": [
            {
                "name": "monorail/resortloop/arrivecr",
                "stream":false
            }]
    },"monorail.resortloop.arriveflor":{
        "category": "record",
        "sounds": [
            {
                "name": "monorail/resortloop/arriveflor",
                "stream":false
            }]
    },"monorail.resortloop.arrivepoly":{
        "category": "record",
        "sounds": [
            {
                "name": "monorail/resortloop/arrivepoly",
                "stream":false
            }]
    },"monorail.resortloop.arrivettcfromcr":{
        "category": "record",
        "sounds": [
            {
                "name": "monorail/resortloop/arrivettcfromcr",
                "stream":false
            }]
    },"monorail.resortloop.enteringcr":{
        "category": "record",
        "sounds": [
            {
                "name": "monorail/resortloop/enteringcr",
                "stream":false
            }]
    },"monorail.resortloop.enteringflor":{
        "category": "record",
        "sounds": [
            {
                "name": "monorail/resortloop/enteringflor",
                "stream":false
            }]
    },"monorail.resortloop.enteringmkfromflor":{
        "category": "record",
        "sounds": [
            {
                "name": "monorail/resortloop/enteringmkfromflor",
                "stream":false
            }]
    },"monorail.resortloop.enteringpoly":{
        "category": "record",
        "sounds": [
            {
                "name": "monorail/resortloop/enteringpoly",
                "stream":false
            }]
    },"monorail.resortloop.enteringttcfromcr":{
        "category": "record",
        "sounds": [
            {
                "name": "monorail/resortloop/enteringttcfromcr",
                "stream":false
            }]
    },"monorail.resortloop.leavingcrtottc":{
        "category": "record",
        "sounds": [
            {
                "name": "monorail/resortloop/leavingcrtottc",
                "stream":false
            }]
    },"monorail.resortloop.leavingflortomk":{
        "category": "record",
        "sounds": [
            {
                "name": "monorail/resortloop/leavingflortomk",
                "stream":false
            }]
    },"monorail.resortloop.leavingmktocr":{
        "category": "record",
        "sounds": [
            {
                "name": "monorail/resortloop/leavingmktocr",
                "stream":false
            }]
    },"monorail.resortloop.leavingpolytoflor":{
        "category": "record",
        "sounds": [
            {
                "name": "monorail/resortloop/leavingpolytoflor",
                "stream":false
            }]
    },"monorail.resortloop.leavingttctopoly":{
        "category": "record",
        "sounds": [
            {
                "name": "monorail/resortloop/leavingttctopoly",
                "stream":false
            }]
    },"monorail.resortloop.travelinggolf":{
        "category": "record",
        "sounds": [
            {
                "name": "monorail/resortloop/travelinggolf",
                "stream":false
            }]
    },"monorail.resortloop.travelingwedding":{
        "category": "record",
        "sounds": [
            {
                "name": "monorail/resortloop/travelingwedding",
                "stream":false
            }]
     },"mk.adventurelandloop":{
        "category": "record",
        "sounds": [
            {
                "name": "mk/adventurelandloop",
                "stream":true
            }]
     },"mk.cop":{
        "category": "record",
        "sounds": [
            {
                "name": "mk/cop",
                "stream":true
            }]
     },"mk.countrybearjamboree":{
        "category": "record",
        "sounds": [
            {
                "name": "mk/countrybearjamboree",
                "stream":true
            }]
     },"mk.enchantedtikiroom":{
        "category": "record",
        "sounds": [
            {
                "name": "mk/enchantedtikiroom",
                "stream":true
            }]
     },"mk.enchantedtikiroomnewmgmt":{
        "category": "record",
        "sounds": [
            {
                "name": "mk/enchantedtikiroomnewmgmt",
                "stream":true
            }]
     },"mk.entranceloop":{
        "category": "record",
        "sounds": [
            {
                "name": "mk/entranceloop",
                "stream":true
            }]
     },"mk.frontierlandloop":{
        "category": "record",
        "sounds": [
            {
                "name": "mk/frontierlandloop",
                "stream":true
            }]
     },"mk.hallofpresidents":{
        "category": "record",
        "sounds": [
            {
                "name": "mk/hallofpresidents",
                "stream":true
            }]
     },"mk.hm":{
        "category": "record",
        "sounds": [
            {
                "name": "mk/hm",
                "stream":true
            }]
     },"mk.hmpreshow":{
        "category": "record",
        "sounds": [
            {
                "name": "mk/hmpreshow",
                "stream":true
            }]
     },"mk.jinglecruise":{
        "category": "record",
        "sounds": [
            {
                "name": "mk/jinglecruise",
                "stream":true
            }]
     },"mk.junglecruise":{
        "category": "record",
        "sounds": [
            {
                "name": "mk/junglecruise",
                "stream":true
            }]
     },"mk.mickeysphilharmagic":{
        "category": "record",
        "sounds": [
            {
                "name": "mk/mickeysphilharmagic",
                "stream":true
            }]
     },"mk.potc":{
        "category": "record",
        "sounds": [
            {
                "name": "mk/potc",
                "stream":true
            }]
     },"mk.riverboat":{
        "category": "record",
        "sounds": [
            {
                "name": "mk/riverboat",
                "stream":true
            }]
     },"mk.smallworld":{
        "category": "record",
        "sounds": [
            {
                "name": "mk/smallworld",
                "stream":true
            }]
     },"mk.spacemtntunnel":{
        "category": "record",
        "sounds": [
            {
                "name": "mk/spacemtntunnel",
                "stream":true
            }]
     },"mk.splashmountainpart01":{
        "category": "record",
        "sounds": [
            {
                "name": "mk/splashmountainpart01",
                "stream":true
            }]
     },"mk.splashmountainpart02":{
        "category": "record",
        "sounds": [
            {
                "name": "mk/splashmountainpart02",
                "stream":true
            }]
     },"mk.stitchescape":{
        "category": "record",
        "sounds": [
            {
                "name": "mk/stitchescape",
                "stream":true
            }]
     },"mk.stitchpreshowpart01":{
        "category": "record",
        "sounds": [
            {
                "name": "mk/stitchpreshowpart01",
                "stream":true
            }]
     },"mk.stitchpreshowpart02":{
        "category": "record",
        "sounds": [
            {
                "name": "mk/stitchpreshowpart02",
                "stream":true
            }]
     },"mk.tomorrowlandloop":{
        "category": "record",
        "sounds": [
            {
                "name": "mk/tomorrowlandloop",
                "stream":true
            }]
     },"mk.7dmt.part01":{
        "category": "record",
        "sounds": [
            {
                "name": "mk/7dmt/part01",
                "stream":true
            }]
     },"mk.7dmt.part02":{
        "category": "record",
        "sounds": [
            {
                "name": "mk/7dmt/part02",
                "stream":true
            }]
     },"mk.7dmt.part03":{
        "category": "record",
        "sounds": [
            {
                "name": "mk/7dmt/part03",
                "stream":true
            }]
     },"mk.7dmt.dig":{
        "category": "record",
        "sounds": [
            {
                "name": "mk/7dmt/dig",
                "stream":true
            }]
     },"mk.7dmt.digshort":{
        "category": "record",
        "sounds": [
            {
                "name": "mk/7dmt/digshort",
                "stream":true
            }]
     },"mk.7dmt.heighho":{
        "category": "record",
        "sounds": [
            {
                "name": "mk/7dmt/heighho",
                "stream":true
            }]
     },"mk.7dmt.yodel":{
        "category": "record",
        "sounds": [
            {
                "name": "mk/7dmt/yodel",
                "stream":true
            }]
     },"mk.dapperdans.grimgrinningghosts":{
        "category": "record",
        "sounds": [
            {
                "name": "mk/dapperdans/grimgrinningghosts",
                "stream":true
            }]
     },"mk.dapperdans.originalboyband":{
        "category": "record",
        "sounds": [
            {
                "name": "mk/dapperdans/originalboyband",
                "stream":true
            }]
     },"mk.wdwrailroad.leavingfantasyland":{
        "category": "record",
        "sounds": [
            {
                "name": "mk/wdwrailroad/leavingfantasyland",
                "stream":true
            }]
     },"mk.wdwrailroad.leavingfantasyland01":{
        "category": "record",
        "sounds": [
            {
                "name": "mk/wdwrailroad/leavingfantasyland01",
                "stream":true
            }]
     },"mk.wdwrailroad.leavingfantasyland02":{
        "category": "record",
        "sounds": [
            {
                "name": "mk/wdwrailroad/leavingfantasyland02",
                "stream":true
            }]
     },"mk.wdwrailroad.leavingfantasyland03":{
        "category": "record",
        "sounds": [
            {
                "name": "mk/wdwrailroad/leavingfantasyland03",
                "stream":true
            }]
     },"mk.wdwrailroad.leavingfantasyland04":{
        "category": "record",
        "sounds": [
            {
                "name": "mk/wdwrailroad/leavingfantasyland04",
                "stream":true
            }]
     },"mk.wdwrailroad.leavingfrontierland":{
        "category": "record",
        "sounds": [
            {
                "name": "mk/wdwrailroad/leavingfrontierland",
                "stream":true
            }]
     },"mk.wdwrailroad.leavingfrontierland01":{
        "category": "record",
        "sounds": [
            {
                "name": "mk/wdwrailroad/leavingfrontierland01",
                "stream":true
            }]
     },"mk.wdwrailroad.leavingfrontierland02":{
        "category": "record",
        "sounds": [
            {
                "name": "mk/wdwrailroad/leavingfrontierland02",
                "stream":true
            }]
     },"mk.wdwrailroad.leavingfrontierland03":{
        "category": "record",
        "sounds": [
            {
                "name": "mk/wdwrailroad/leavingfrontierland03",
                "stream":true
            }]
     },"mk.wdwrailroad.leavingfrontierland04":{
        "category": "record",
        "sounds": [
            {
                "name": "mk/wdwrailroad/leavingfrontierland04",
                "stream":true
            }]
     },"mk.wdwrailroad.leavingmainstreet":{
        "category": "record",
        "sounds": [
            {
                "name": "mk/wdwrailroad/leavingmainstreet",
                "stream":true
            }]
     },"mk.wdwrailroad.leavingmainstreet01":{
        "category": "record",
        "sounds": [
            {
                "name": "mk/wdwrailroad/leavingmainstreet01",
                "stream":true
            }]
     },"mk.wdwrailroad.leavingmainstreet02":{
        "category": "record",
        "sounds": [
            {
                "name": "mk/wdwrailroad/leavingmainstreet02",
                "stream":true
            }]
     },"mk.wdwrailroad.leavingmainstreet03":{
        "category": "record",
        "sounds": [
            {
                "name": "mk/wdwrailroad/leavingmainstreet03",
                "stream":true
            }]
     },"mk.potc.part01":{
        "category": "record",
        "sounds": [
            {
                "name": "mk/potc/part01",
                "stream":true
            }]
     },"mk.potc.part02":{
        "category": "record",
        "sounds": [
            {
                "name": "mk/potc/part02",
                "stream":true
            }]
     },"mk.potc.part03":{
        "category": "record",
        "sounds": [
            {
                "name": "mk/potc/part03",
                "stream":true
            }]
     },"mk.potc.part04":{
        "category": "record",
        "sounds": [
            {
                "name": "mk/potc/part04",
                "stream":true
            }]
     },"mk.potc.part05":{
        "category": "record",
        "sounds": [
            {
                "name": "mk/potc/part05",
                "stream":true
            }]
     },"mk.potc.part06":{
        "category": "record",
        "sounds": [
            {
                "name": "mk/potc/part06",
                "stream":true
            }]
     },"mk.hm.hm1":{
        "category": "record",
        "sounds": [
            {
                "name": "mk/hm/hm1",
                "stream":true
            }]
     },"mk.hm.hm2":{
        "category": "record",
        "sounds": [
            {
                "name": "mk/hm/hm2",
                "stream":true
            }]
     },"mk.hm.hm3":{
        "category": "record",
        "sounds": [
            {
                "name": "mk/hm/hm3",
                "stream":true
            }]
     },"mk.hm.hm4":{
        "category": "record",
        "sounds": [
            {
                "name": "mk/hm/hm4",
                "stream":true
            }]
     },"mk.hm.hm5":{
        "category": "record",
        "sounds": [
            {
                "name": "mk/hm/hm5",
                "stream":true
            }]
     },"mk.hm.hm6":{
        "category": "record",
        "sounds": [
            {
                "name": "mk/hm/hm6",
                "stream":true
            }]
     },"mk.hm.hm7":{
        "category": "record",
        "sounds": [
            {
                "name": "mk/hm/hm7",
                "stream":true
            }]
     },"mk.hm.hm8":{
        "category": "record",
        "sounds": [
            {
                "name": "mk/hm/hm8",
                "stream":true
            }]
     },"mk.hm.hm9":{
        "category": "record",
        "sounds": [
            {
                "name": "mk/hm/hm9",
                "stream":true
            }]
     },"mk.hm.hm10":{
        "category": "record",
        "sounds": [
            {
                "name": "mk/hm/hm10",
                "stream":true
            }]
     },"mk.hm.hm11":{
        "category": "record",
        "sounds": [
            {
                "name": "mk/hm/hm11",
                "stream":true
            }]
     },"mk.hm.hm12":{
        "category": "record",
        "sounds": [
            {
                "name": "mk/hm/hm12",
                "stream":true
            }]
     },"mk.hm.hm13":{
        "category": "record",
        "sounds": [
            {
                "name": "mk/hm/hm13",
                "stream":true
            }]
     },"mk.hm.hm14":{
        "category": "record",
        "sounds": [
            {
                "name": "mk/hm/hm14",
                "stream":true
            }]
     },"mk.hm.hm15":{
        "category": "record",
        "sounds": [
            {
                "name": "mk/hm/hm15",
                "stream":true
            }]
     },"mk.hm.hm16":{
        "category": "record",
        "sounds": [
            {
                "name": "mk/hm/hm16",
                "stream":true
            }]
     },"epcot.missionspace.destinyshort":{
        "category": "record",
        "sounds": [
            {
                "name": "epcot/missionspace/destinyshort",
                "stream":true
            }]
     },"epcot.missionspace.destinyfull":{
        "category": "record",
        "sounds": [
            {
                "name": "epcot/missionspace/destinyfull",
                "stream":true
            }]
     },"epcot.missionspace.preshow":{
        "category": "record",
        "sounds": [
            {
                "name": "epcot/missionspace/preshow",
                "stream":true
            }]
     },"epcot.missionspace.ride":{
        "category": "record",
        "sounds": [
            {
                "name": "epcot/missionspace/ride",
                "stream":true
            }]
     },"epcot.se.future1":{
        "category": "record",
        "sounds": [
            {
                "name": "epcot/se/future1",
                "stream":false
            }]
     },"epcot.se.future2":{
        "category": "record",
        "sounds": [
            {
                "name": "epcot/se/future2",
                "stream":true
            }]
	 },"epcot.se.future3":{
	    "category": "record",
	    "sounds": [
	        {
	            "name": "epcot/se/future3",
	            "stream":true
	        }]
	 },"epcot.se.future4":{
	    "category": "record",
	    "sounds": [
	        {
	            "name": "epcot/se/future4",
	            "stream":true
	        }]
	 },"epcot.se.future5":{
	    "category": "record",
	    "sounds": [
	        {
	            "name": "epcot/se/future5",
	            "stream":true
	        }]
	 },"epcot.se.future6":{
	    "category": "record",
	    "sounds": [
	        {
	            "name": "epcot/se/future6",
	            "stream":true
	        }]
     },"epcot.se.egyptian":{
        "category": "record",
        "sounds": [
            {
                "name": "epcot/se/egyptian",
                "stream":true
            }]
	 },"epcot.se.extra":{
	    "category": "record",
	    "sounds": [
	        {
	            "name": "epcot/se/extra",
	            "stream":true
	        }]
	 },"epcot.se.rotate":{
	    "category": "record",
	    "sounds": [
	        {
	            "name": "epcot/se/rotate",
	            "stream":true
	        }]
    },"epcot.se.greek":{
        "category": "record",
        "sounds": [
            {
                "name": "epcot/se/greek",
                "stream":true
            }]
    },"epcot.se.roman":{
        "category": "record",
        "sounds": [
            {
                "name": "epcot/se/roman",
                "stream":true
            }]
     },"epcot.se.introsse":{
        "category": "record",
        "sounds": [
            {
                "name": "epcot/se/introsse",
                "stream":true
            }]
     },"epcot.se.introsse2":{
        "category": "record",
        "sounds": [
            {
                "name": "epcot/se/introsse2",
                "stream":true
            }]
     },"epcot.se.sseent1":{
        "category": "record",
        "sounds": [
            {
                "name": "epcot/se/sseent1",
                "stream":true
            }]
     },"epcot.se.sseent2":{
	    "category": "record",
	     "sounds": [
	        {
	            "name": "epcot/se/sseent2",
	            "stream":true
	        }]
	 },"epcot.se.sseent3":{
	    "category": "record",
	    "sounds": [
	        {
	            "name": "epcot/se/sseent3",
	            "stream":true
	        }]
	 },"epcot.se.sseent4":{
	    "category": "record",
	   	"sounds": [
	   	    {
	   	        "name": "epcot/se/sseent4",
	   	        "stream":true
	   	    }]
	 },"epcot.se.pre1":{
	   	"category": "record",
	   	"sounds": [
	   	   	{
	   	   	    "name": "epcot/se/pre1",
	   	   	    "stream":true
	   	   	}]
     },"epcot.se.sse1":{
        "category": "record",
        "sounds": [
            {
                "name": "epcot/se/sse1",
                "stream":true
            }]
     },"epcot.se.sse1b":{
        "category": "record",
        "sounds": [
            {
                "name": "epcot/se/sse1b",
                "stream":true
            }]
     },"epcot.se.sse2":{
        "category": "record",
        "sounds": [
            {
                "name": "epcot/se/sse2",
                "stream":true
            }]
     },"epcot.se.sse3":{
        "category": "record",
        "sounds": [
            {
                "name": "epcot/se/sse3",
                "stream":true
            }]
     },"epcot.se.sse4":{
        "category": "record",
        "sounds": [
            {
                "name": "epcot/se/sse4",
                "stream":true
            }]
     },"epcot.se.sse5":{
        "category": "record",
        "sounds": [
            {
                "name": "epcot/se/sse5",
                "stream":true
            }]
     },"epcot.se.sse6":{
        "category": "record",
        "sounds": [
            {
                "name": "epcot/se/sse6",
                "stream":true
            }]
     },"epcot.se.sse7":{
        "category": "record",
        "sounds": [
            {
                "name": "epcot/se/sse7",
                "stream":true
            }]
     },"epcot.se.sse8":{
        "category": "record",
        "sounds": [
            {
                "name": "epcot/se/sse8",
                "stream":true
            }]
     },"epcot.se.sse9":{
        "category": "record",
        "sounds": [
            {
                "name": "epcot/se/sse9",
                "stream":true
            }]
     },"epcot.se.sse10":{
        "category": "record",
        "sounds": [
            {
                "name": "epcot/se/sse10",
                "stream":true
            }]
     },"epcot.se.sse11":{
        "category": "record",
        "sounds": [
            {
                "name": "epcot/se/sse11",
                "stream":true
            }]
     },"epcot.se.sse12":{
        "category": "record",
        "sounds": [
            {
                "name": "epcot/se/sse12",
                "stream":true
            }]
     },"epcot.se.sse13":{
        "category": "record",
        "sounds": [
            {
                "name": "epcot/se/sse13",
                "stream":true
            }]
	 },"epcot.se.sse13b":{
	    "category": "record",
	    "sounds": [
	         {
	            "name": "epcot/se/sse13b",
	            "stream":true
	        }]
     },"epcot.se.sse14":{
        "category": "record",
        "sounds": [
            {
                "name": "epcot/se/sse14",
                "stream":true
            }]
     },"epcot.se.sse15":{
        "category": "record",
        "sounds": [
            {
                "name": "epcot/se/sse15",
                "stream":true
            }]
     },"epcot.se.sse16":{
        "category": "record",
        "sounds": [
            {
                "name": "epcot/se/sse16",
                "stream":true
            }]
     },"epcot.se.dj1":{
        "category": "record",
        "sounds": [
            {
                "name": "epcot/se/dj1",
                "stream":true
            }]
     },"epcot.se.dj2":{
        "category": "record",
        "sounds": [
            {
                "name": "epcot/se/dj2",
                "stream":true
            }]
     },"epcot.se.dj3":{
        "category": "record",
        "sounds": [
            {
                "name": "epcot/se/dj3",
                "stream":true
            }]
     },"epcot.se.dj4":{
        "category": "record",
        "sounds": [
            {
                "name": "epcot/se/dj4",
                "stream":true
            }]
     },"epcot.se.dj5":{
        "category": "record",
        "sounds": [
            {
                "name": "epcot/se/dj5",
                "stream":true
            }]
     },"epcot.se.dj6":{
        "category": "record",
        "sounds": [
            {
                "name": "epcot/se/dj6",
                "stream":true
            }]
     },"epcot.se.dj7":{
        "category": "record",
        "sounds": [
            {
                "name": "epcot/se/dj7",
                "stream":true
            }]
     },"epcot.se.dj8":{
        "category": "record",
        "sounds": [
            {
                "name": "epcot/se/dj8",
                "stream":true
            }]
     },"epcot.se.dj9":{
        "category": "record",
        "sounds": [
            {
                "name": "epcot/se/dj9",
                "stream":true
            }]
     },"epcot.se.dj10":{
        "category": "record",
        "sounds": [
            {
                "name": "epcot/se/dj10",
                "stream":true
            }]
     },"epcot.se.dj11":{
        "category": "record",
        "sounds": [
            {
                "name": "epcot/se/dj11",
                "stream":true
            }]
     },"epcot.se.dj12":{
        "category": "record",
        "sounds": [
            {
                "name": "epcot/se/dj12",
                "stream":true
            }]
     },"epcot.se.dj13":{
        "category": "record",
        "sounds": [
            {
                "name": "epcot/se/dj13",
                "stream":true
            }]
     },"epcot.se.dj14":{
        "category": "record",
        "sounds": [
            {
                "name": "epcot/se/dj14",
                "stream":true
            }]
     },"epcot.se.dj15":{
        "category": "record",
        "sounds": [
            {
                "name": "epcot/se/dj15",
                "stream":true
            }]
     },"epcot.se.dj15b":{
        "category": "record",
        "sounds": [
            {
                "name": "epcot/se/dj15b",
                "stream":true
            }]
     },"epcot.se.dj16":{
        "category": "record",
        "sounds": [
            {
                "name": "epcot/se/dj16",
                "stream":true
            }]
     },"epcot.se.dj17":{
        "category": "record",
        "sounds": [
            {
                "name": "epcot/se/dj17",
                "stream":true
            }]
     },"epcot.se.dj18":{
        "category": "record",
        "sounds": [
            {
                "name": "epcot/se/dj18",
                "stream":true
            }]
     },"epcot.se.dj19":{
        "category": "record",
        "sounds": [
            {
                "name": "epcot/se/dj19",
                "stream":true
            }]
     },"epcot.se.dj20":{
        "category": "record",
        "sounds": [
            {
                "name": "epcot/se/dj20",
                "stream":true
            }]
     },"epcot.se.dj21":{
        "category": "record",
        "sounds": [
            {
                "name": "epcot/se/dj21",
                "stream":true
            }]
     },"epcot.se.dj22":{
        "category": "record",
        "sounds": [
            {
                "name": "epcot/se/dj22",
                "stream":true
            }]
     },"epcot.voicesofliberty":{
        "category": "record",
        "sounds": [
            {
                "name": "epcot/voicesofliberty/americathebeautiful",
                "stream":true
            },
            {
                "name": "epcot/voicesofliberty/battlehym",
                "stream":true
            },
            {
                "name": "epcot/voicesofliberty/blackismycolor",
                "stream":true
            }]
     },"epcot.voicesofliberty.americathebeautiful":{
        "category": "record",
        "sounds": [
            {
                "name": "epcot/voicesofliberty/americathebeautiful",
                "stream":true
            }]
     },"epcot.voicesofliberty.battlehym":{
        "category": "record",
        "sounds": [
            {
                "name": "epcot/voicesofliberty/battlehym",
                "stream":true
            }]
     },"epcot.voicesofliberty.blackismycolor":{
        "category": "record",
        "sounds": [
            {
                "name": "epcot/voicesofliberty/blackismycolor",
                "stream":true
            }]
     },"epcot.worldshowcase.americaloop":{
        "category": "record",
        "sounds": [
            {
                "name": "epcot/worldshowcase/americaloop",
                "stream":true
            }]
     },"epcot.worldshowcase.biergartenhappybirthday":{
        "category": "record",
        "sounds": [
            {
                "name": "epcot/worldshowcase/biergartenhappybirthday",
                "stream":true
            }]
     },"epcot.worldshowcase.biergartenintro":{
        "category": "record",
        "sounds": [
            {
                "name": "epcot/worldshowcase/biergartenintro",
                "stream":true
            }]
     },"epcot.worldshowcase.canadaloop":{
        "category": "record",
        "sounds": [
            {
                "name": "epcot/worldshowcase/canadaloop",
                "stream":true
            }]
     },"epcot.worldshowcase.chinaloop":{
        "category": "record",
        "sounds": [
            {
                "name": "epcot/worldshowcase/chinaloop",
                "stream":true
            }]
     },"epcot.worldshowcase.franceloop":{
        "category": "record",
        "sounds": [
            {
                "name": "epcot/worldshowcase/franceloop",
                "stream":true
            }]
     },"epcot.worldshowcase.germanyloop":{
        "category": "record",
        "sounds": [
            {
                "name": "epcot/worldshowcase/germanyloop",
                "stream":true
            }]
     },"epcot.worldshowcase.italyloop":{
        "category": "record",
        "sounds": [
            {
                "name": "epcot/worldshowcase/italyloop",
                "stream":true
            }]
     },"epcot.worldshowcase.japanloop":{
        "category": "record",
        "sounds": [
            {
                "name": "epcot/worldshowcase/japanloop",
                "stream":true
            }]
     },"epcot.worldshowcase.mexicoloop":{
        "category": "record",
        "sounds": [
            {
                "name": "epcot/worldshowcase/mexicoloop",
                "stream":true
            }]
     },"epcot.worldshowcase.moroccoloop":{
        "category": "record",
        "sounds": [
            {
                "name": "epcot/worldshowcase/moroccoloop",
                "stream":true
            }]
     },"epcot.worldshowcase.norwayloop":{
        "category": "record",
        "sounds": [
            {
                "name": "epcot/worldshowcase/norwayloop",
                "stream":true
            }]
     },"epcot.worldshowcase.ukloop":{
        "category": "record",
        "sounds": [
            {
                "name": "epcot/worldshowcase/ukloop",
                "stream":true
            }]
     },"epcot.americanadventure":{
        "category": "record",
        "sounds": [
            {
                "name": "epcot/americanadventure",
                "stream":true
            }]
     },"epcot.entranceloop":{
        "category": "record",
        "sounds": [
            {
                "name": "epcot/entranceloop",
                "stream":true
            }]
     },"epcot.figmentride":{
        "category": "record",
        "sounds": [
            {
                "name": "epcot/figmentride",
                "stream":true
            }]
     },"epcot.fountainnations":{
        "category": "record",
        "sounds": [
            {
                "name": "epcot/fountainnations",
                "stream":true
            }]
     },"epcot.granfiestatour":{
        "category": "record",
        "sounds": [
            {
                "name": "epcot/granfiestatour",
                "stream":true
            }]
     },"epcot.impressionoffrance":{
        "category": "record",
        "sounds": [
            {
                "name": "epcot/impressionoffrance",
                "stream":true
            }]
     },"epcot.innoventions":{
        "category": "record",
        "sounds": [
            {
                "name": "epcot/innoventions",
                "stream":true
            }]
     },"epcot.leavingepcotpromise":{
        "category": "record",
        "sounds": [
            {
                "name": "epcot/leavingepcotpromise",
                "stream":true
            }]
     },"epcot.legacy":{
        "category": "record",
        "sounds": [
            {
                "name": "epcot/legacy",
                "stream":true
            }]
     },"epcot.livingwiththeland":{
        "category": "record",
        "sounds": [
            {
                "name": "epcot/livingwiththeland",
                "stream":true
            }]
     },"epcot.mineminemine":{
        "category": "record",
        "sounds": [
            {
                "name": "epcot/mineminemine",
                "stream":true
            }]
     },"epcot.ocanada":{
        "category": "record",
        "sounds": [
            {
                "name": "epcot/ocanada",
                "stream":true
            }]
     },"epcot.reflectionofchina":{
        "category": "record",
        "sounds": [
            {
                "name": "epcot/reflectionofchina",
                "stream":true
            }]
     },"epcot.rocketeer":{
        "category": "record",
        "sounds": [
            {
                "name": "epcot/rocketeer",
                "stream":true
            }]
     },"epcot.soarinpre":{
        "category": "record",
        "sounds": [
            {
                "name": "epcot/soarinpre",
                "stream":true
            }]
     },"epcot.soarin":{
        "category": "record",
        "sounds": [
            {
                "name": "epcot/soarin",
                "stream":true
            }]
     },"epcot.testtrack":{
        "category": "record",
        "sounds": [
            {
                "name": "epcot/testtrack",
                "stream":true
            }]
     },"hws.beautyandbeast":{
        "category": "record",
        "sounds": [
            {
                "name": "hws/beautyandbeast",
                "stream":true
            }]
     },"hws.entranceloop":{
        "category": "record",
        "sounds": [
            {
                "name": "hws/entranceloop",
                "stream":true
            }]
     },"hws.totpart01":{
        "category": "record",
        "sounds": [
            {
                "name": "hws/totpart01",
                "stream":true
            }]
     },"hws.totpart02":{
        "category": "record",
        "sounds": [
            {
                "name": "hws/totpart02",
                "stream":true
            }]
     },"hws.totpreshow":{
        "category": "record",
        "sounds": [
            {
                "name": "hws/totpreshow",
                "stream":true
            }]
     },"hws.tot.tot5thd":{
        "category": "record",
        "sounds": [
            {
                "name": "hws/tot/tot5thd",
                "stream":true
            }]
     },"hws.tot.totdl":{
        "category": "record",
        "sounds": [
            {
                "name": "hws/tot/totdl",
                "stream":true
            }]
     },"hws.tot.totending":{
        "category": "record",
        "sounds": [
            {
                "name": "hws/tot/totending",
                "stream":true
            }]
     },"hws.tot.tothallway":{
        "category": "record",
        "sounds": [
            {
                "name": "hws/tot/tothallway",
                "stream":true
            }]
     },"hws.tot.totstartup":{
        "category": "record",
        "sounds": [
            {
                "name": "hws/tot/totstartup",
                "stream":true
            }]
     },"hws.jeditrainingacademy.opening":{
        "category": "record",
        "sounds": [
            {
                "name": "hws/jeditrainingacademy/opening",
                "stream":true
            }]
     },"hws.jeditrainingacademy.closing":{
        "category": "record",
        "sounds": [
            {
                "name": "hws/jeditrainingacademy/closing",
                "stream":true
            }]
      },"ak.burudikabandcelebration":{
        "category": "record",
        "sounds": [
            {
                "name": "ak/burudikabandcelebration",
                "stream":true
            }]     
      },"ak.dinopreshow":{
        "category": "record",
        "sounds": [
            {
                "name": "ak/dinopreshow",
                "stream":true
            }]      
     },"ak.dinosaur":{
        "category": "record",
        "sounds": [
            {
                "name": "ak/dinosaur",
                "stream":true
            }]
     },"ak.entranceloop":{
        "category": "record",
        "sounds": [
            {
                "name": "ak/entranceloop",
                "stream":true
            }]
     },"ak.itstoughtobeabug":{
        "category": "record",
        "sounds": [
            {
                "name": "ak/itstoughtobeabug",
                "stream":true
            }]
     },"ak.jamminjungleparade":{
        "category": "record",
        "sounds": [
            {
                "name": "ak/jamminjungleparade",
                "stream":true
            }]
     },"ak.ks.intro":{
        "category": "record",
        "sounds": [
            {
                "name": "ak/ks/intro",
                "stream":false
            }]
     },"ak.ks.line01":{
        "category": "record",
        "sounds": [
            {
                "name": "ak/ks/line01",
                "stream":false
            }]
     },"ak.ks.line02":{
        "category": "record",
        "sounds": [
            {
                "name": "ak/ks/line02",
                "stream":false
            }]
     },"ak.ks.line03":{
        "category": "record",
        "sounds": [
            {
                "name": "ak/ks/line03",
                "stream":false
            }]
     },"ak.ks.line04":{
        "category": "record",
        "sounds": [
            {
                "name": "ak/ks/line04",
                "stream":false
            }]
     },"ak.ks.line05":{
        "category": "record",
        "sounds": [
            {
                "name": "ak/ks/line05",
                "stream":false
            }]
     },"ak.ks.line06":{
        "category": "record",
        "sounds": [
            {
                "name": "ak/ks/line06",
                "stream":false
            }]
     },"ak.ks.line07":{
        "category": "record",
        "sounds": [
            {
                "name": "ak/ks/line07",
                "stream":false
            }]
     },"ak.ks.line08":{
        "category": "record",
        "sounds": [
            {
                "name": "ak/ks/line08",
                "stream":false
            }]
     },"ak.ks.line09":{
        "category": "record",
        "sounds": [
            {
                "name": "ak/ks/line09",
                "stream":false
            }]
     },"ak.ks.line10":{
        "category": "record",
        "sounds": [
            {
                "name": "ak/ks/line10",
                "stream":false
            }]
     },"ak.ks.line11":{
        "category": "record",
        "sounds": [
            {
                "name": "ak/ks/line11",
                "stream":false
            }]
     },"ak.ks.line12":{
        "category": "record",
        "sounds": [
            {
                "name": "ak/ks/line12",
                "stream":false
            }]
     },"ak.ks.line13":{
        "category": "record",
        "sounds": [
            {
                "name": "ak/ks/line13",
                "stream":false
            }]
     },"ak.ks.line14":{
        "category": "record",
        "sounds": [
            {
                "name": "ak/ks/line14",
                "stream":false
            }]
     },"ak.ks.line15":{
        "category": "record",
        "sounds": [
            {
                "name": "ak/ks/line15",
                "stream":false
            }]
     },"ak.ks.line16":{
        "category": "record",
        "sounds": [
            {
                "name": "ak/ks/line16",
                "stream":false
            }]
     },"ak.ks.line17":{
        "category": "record",
        "sounds": [
            {
                "name": "ak/ks/line17",
                "stream":false
            }]
     },"ak.ks.line18":{
        "category": "record",
        "sounds": [
            {
                "name": "ak/ks/line18",
                "stream":false
            }]
     },"ak.ks.line19":{
        "category": "record",
        "sounds": [
            {
                "name": "ak/ks/line19",
                "stream":false
            }]
     },"ak.ks.line20":{
        "category": "record",
        "sounds": [
            {
                "name": "ak/ks/line20",
                "stream":false
            }]
     },"ak.ks.line21":{
        "category": "record",
        "sounds": [
            {
                "name": "ak/ks/line21",
                "stream":false
            }]
     },"ak.ks.line22":{
        "category": "record",
        "sounds": [
            {
                "name": "ak/ks/line22",
                "stream":false
            }]
     },"ak.ks.line23":{
        "category": "record",
        "sounds": [
            {
                "name": "ak/ks/line23",
                "stream":false
            }]
     },"ak.ks.line24":{
        "category": "record",
        "sounds": [
            {
                "name": "ak/ks/line24",
                "stream":false
            }]
     },"ak.ks.line25":{
        "category": "record",
        "sounds": [
            {
                "name": "ak/ks/line25",
                "stream":false
            }]
     },"ak.ks.line26":{
        "category": "record",
        "sounds": [
            {
                "name": "ak/ks/line26",
                "stream":false
            }]
     },"ak.ks.line27":{
        "category": "record",
        "sounds": [
            {
                "name": "ak/ks/line27",
                "stream":false
            }]
     },"ak.ks.line28":{
        "category": "record",
        "sounds": [
            {
                "name": "ak/ks/line28",
                "stream":false
            }]
     },"ak.ks.line29":{
        "category": "record",
        "sounds": [
            {
                "name": "ak/ks/line29",
                "stream":false
            }]
     },"ak.ks.line30":{
        "category": "record",
        "sounds": [
            {
                "name": "ak/ks/line30",
                "stream":false
            }]
     },"ak.ks.line31":{
        "category": "record",
        "sounds": [
            {
                "name": "ak/ks/line31",
                "stream":false
            }]
     },"ak.ks.line32":{
        "category": "record",
        "sounds": [
            {
                "name": "ak/ks/line32",
                "stream":false
            }]
     },"ak.ks.line33":{
        "category": "record",
        "sounds": [
            {
                "name": "ak/ks/line33",
                "stream":false
            }]
     },"ak.ks.line34":{
        "category": "record",
        "sounds": [
            {
                "name": "ak/ks/line34",
                "stream":false
            }]
     },"ak.ks.line35":{
        "category": "record",
        "sounds": [
            {
                "name": "ak/ks/line35",
                "stream":true
            }]
     },"ak.ks.line38":{
        "category": "record",
        "sounds": [
            {
                "name": "ak/ks/line38",
                "stream":false
            }]
     },"ak.ks.line39":{
        "category": "record",
        "sounds": [
            {
                "name": "ak/ks/line39",
                "stream":false
            }]
     },"ak.ks.line40":{
        "category": "record",
        "sounds": [
            {
                "name": "ak/ks/line40",
                "stream":false
            }]
     },"ak.ks.line41":{
        "category": "record",
        "sounds": [
            {
                "name": "ak/ks/line41",
                "stream":false
            }]
     },"ak.ks.line42":{
        "category": "record",
        "sounds": [
            {
                "name": "ak/ks/line42",
                "stream":false
            }]
     },"ak.ks.line43":{
        "category": "record",
        "sounds": [
            {
                "name": "ak/ks/line43",
                "stream":false
            }]
     },"ak.ks.line44":{
        "category": "record",
        "sounds": [
            {
                "name": "ak/ks/line44",
                "stream":false
            }]
     },"ak.ks.line45":{
        "category": "record",
        "sounds": [
            {
                "name": "ak/ks/line45",
                "stream":false
            }]
     },"ak.ks.line46":{
        "category": "record",
        "sounds": [
            {
                "name": "ak/ks/line46",
                "stream":false
            }]
     },"ak.ks.line47":{
        "category": "record",
        "sounds": [
            {
                "name": "ak/ks/line47",
                "stream":false
            }]
     },"ak.ks.line48":{
        "category": "record",
        "sounds": [
            {
                "name": "ak/ks/line48",
                "stream":false
            }]
     },"ak.ks.line49":{
        "category": "record",
        "sounds": [
            {
                "name": "ak/ks/line49",
                "stream":false
            }]
     },"ak.ks.line50":{
        "category": "record",
        "sounds": [
            {
                "name": "ak/ks/line50",
                "stream":false
            }]
     },"ak.ks.line51":{
        "category": "record",
        "sounds": [
            {
                "name": "ak/ks/line51",
                "stream":false
            }]
     },"ak.ks.line52":{
        "category": "record",
        "sounds": [
            {
                "name": "ak/ks/line52",
                "stream":false
            }]
     },"ak.ks.line53":{
        "category": "record",
        "sounds": [
            {
                "name": "ak/ks/line53",
                "stream":false
            }]
     },"ak.ks.line54":{
        "category": "record",
        "sounds": [
            {
                "name": "ak/ks/line54",
                "stream":false
            }]
     },"ak.ks.line55":{
        "category": "record",
        "sounds": [
            {
                "name": "ak/ks/line55",
                "stream":false
            }]
     },"ak.ks.line56":{
        "category": "record",
        "sounds": [
            {
                "name": "ak/ks/line56",
                "stream":false
            }]
     },"ak.ks.line57":{
        "category": "record",
        "sounds": [
            {
                "name": "ak/ks/line57",
                "stream":false
            }]
     },"ak.ks.line58":{
        "category": "record",
        "sounds": [
            {
                "name": "ak/ks/line58",
                "stream":false
            }]
     },"ak.ks.line59":{
        "category": "record",
        "sounds": [
            {
                "name": "ak/ks/line59",
                "stream":false
            }]
     },"ak.ks.line60":{
        "category": "record",
        "sounds": [
            {
                "name": "ak/ks/line60",
                "stream":false
            }]
     },"resorts.floridian.band":{
        "category": "record",
        "sounds": [
            {
                "name": "resorts/floridian/band",
                "stream":true
            }]
     },"resorts.floridian.parkfare":{
        "category": "record",
        "sounds": [
            {
                "name": "resorts/floridian/parkfare",
                "stream":true
            }]
     },"resorts.floridian.piano":{
        "category": "record",
        "sounds": [
            {
                "name": "resorts/floridian/piano",
                "stream":true
            }]
     },"misc.celebrateyou":{
        "category": "record",
        "sounds": [
            {
                "name": "misc/celebrateyou",
                "stream":true
            }]
     },"misc.igetaround":{
        "category": "record",
        "sounds": [
            {
                "name": "misc/igetaround",
                "stream":true
            }]
     },"misc.letthememoriesbegin":{
        "category": "record",
        "sounds": [
            {
                "name": "misc/letthememoriesbegin",
                "stream":true
            }]
     },"misc.williamtell":{
        "category": "record",
        "sounds": [
            {
                "name": "misc/williamtell",
                "stream":true
            }]
     },"misc.yaketysax":{
        "category": "record",
        "sounds": [
            {
                "name": "misc/yaketysax",
                "stream":true
            }]
     },"restroom.sink":{
        "category": "record",
        "sounds": [
            {
                "name": "restroom/sink",
                "stream":false
            }]
     },"restroom.toiletflush":{
        "category": "record",
        "sounds": [
            {
                "name": "restroom/toiletflush",
                "stream":false
            }]
     },"shows.anniversary.annivpostshow":{
        "category": "record",
        "sounds": [
            {
                "name": "shows/anniversary/annivpostshow",
                "stream":true
            }]
     },"shows.anniversary.annivpreshow":{
        "category": "record",
        "sounds": [
            {
                "name": "shows/anniversary/annivpreshow",
                "stream":true
            }]
     },"shows.anniversary.doyoubelieve":{
        "category": "record",
        "sounds": [
            {
                "name": "shows/anniversary/doyoubelieve",
                "stream":true
            }]
     },"shows.anniversary.likewedreamed":{
        "category": "record",
        "sounds": [
            {
                "name": "shows/anniversary/likewedreamed",
                "stream":true
            }]
     },"shows.anniversary.happinesshere":{
        "category": "record",
        "sounds": [
            {
                "name": "shows/anniversary/happinesshere",
                "stream":true
            }]
     },"shows.anniversary.trainstationannc":{
        "category": "record",
        "sounds": [
            {
                "name": "shows/anniversary/trainstationannc",
                "stream":true
            }]
     },"shows.anniversary.livethemagic":{
        "category": "record",
        "sounds": [
            {
                "name": "shows/anniversary/livethemagic",
                "stream":true
            }]
     },"shows.celebratemagic.regularshow":{
        "category": "record",
        "sounds": [
            {
                "name": "shows/celebratemagic/regularshow",
                "stream":true
            }]
     },"shows.christmas.carolofthebells":{
        "category": "record",
        "sounds": [
            {
                "name": "shows/christmas/carolofthebells",
                "stream":true
            }]
     },"shows.christmas.feliznavidad":{
        "category": "record",
        "sounds": [
            {
                "name": "shows/christmas/feliznavidad",
                "stream":true
            }]
     },"shows.christmas.holidaydisneydreams":{
        "category": "record",
        "sounds": [
            {
                "name": "shows/christmas/holidaydisneydreams",
                "stream":true
            }]
     },"shows.christmas.onceuponachristmastime":{
        "category": "record",
        "sounds": [
            {
                "name": "shows/christmas/onceuponachristmastime",
                "stream":true
            }]
     },"shows.christmas.wizardsinwinter":{
        "category": "record",
        "sounds": [
            {
                "name": "shows/christmas/wizardsinwinter",
                "stream":true
            }]
     },"shows.dreamalong.dreamalong":{
        "category": "record",
        "sounds": [
            {
                "name": "shows/dreamalong/dreamalong",
                "stream":true
            }]
     },"shows.fantasmic.america":{
        "category": "record",
        "sounds": [
            {
                "name": "shows/fantasmic/america",
                "stream":true
            }]
     },"shows.fantasmic.ending":{
        "category": "record",
        "sounds": [
            {
                "name": "shows/fantasmic/ending",
                "stream":true
            }]
     },"shows.fantasmic.opening":{
        "category": "record",
        "sounds": [
            {
                "name": "shows/fantasmic/opening",
                "stream":true
            }]
     },"shows.fantasmic.villians":{
        "category": "record",
        "sounds": [
            {
                "name": "shows/fantasmic/villians",
                "stream":true
            }]
     },"shows.fantasmic.tasteoffantasmic":{
        "category": "record",
        "sounds": [
            {
                "name": "shows/fantasmic/tasteoffantasmic",
                "stream":true
            }]
     },"shows.fantasmic.preshow01":{
        "category": "record",
        "sounds": [
            {
                "name": "shows/fantasmic/preshow01",
                "stream":true
            }]
     },"shows.fantasmic.preshow02":{
        "category": "record",
        "sounds": [
            {
                "name": "shows/fantasmic/preshow02",
                "stream":true
            }]
     },"shows.fantasmic.preshow03":{
        "category": "record",
        "sounds": [
            {
                "name": "shows/fantasmic/preshow03",
                "stream":true
            }]
     },"shows.fantasmic.preshow04":{
        "category": "record",
        "sounds": [
            {
                "name": "shows/fantasmic/preshow04",
                "stream":true
            }]
     },"shows.fantasmic.postshow":{
        "category": "record",
        "sounds": [
            {
                "name": "shows/fantasmic/postshow",
                "stream":true
            }]
     },"shows.festivaloffantasy.parade":{
        "category": "record",
        "sounds": [
            {
                "name": "shows/festivaloffantasy/parade",
                "stream":true
            }]
     },"shows.festivaloffantasy.postshow":{
        "category": "record",
        "sounds": [
            {
                "name": "shows/festivaloffantasy/postshow",
                "stream":true
            }]
     },"shows.festivaloffantasy.preshow":{
        "category": "record",
        "sounds": [
            {
                "name": "shows/festivaloffantasy/preshow",
                "stream":true
            }]
     },"shows.indy.maintheme":{
        "category": "record",
        "sounds": [
            {
                "name": "shows/indy/maintheme",
                "stream":true
            }]
     },"shows.indy.scene01":{
        "category": "record",
        "sounds": [
            {
                "name": "shows/indy/scene01",
                "stream":true
            }]
     },"shows.indy.scene02":{
        "category": "record",
        "sounds": [
            {
                "name": "shows/indy/scene02",
                "stream":true
            }]
     },"shows.indy.scene03":{
        "category": "record",
        "sounds": [
            {
                "name": "shows/indy/scene03",
                "stream":true
            }]
     },"shows.iroe.4thtag":{
        "category": "record",
        "sounds": [
            {
                "name": "shows/iroe/4thtag",
                "stream":true
            }]
     },"shows.iroe.5minute":{
        "category": "record",
        "sounds": [
            {
                "name": "shows/iroe/5minute",
                "stream":true
            }]
     },"shows.iroe.15minute":{
        "category": "record",
        "sounds": [
            {
                "name": "shows/iroe/15minute",
                "stream":true
            }]
     },"shows.iroe.busindrereel":{
        "category": "record",
        "sounds": [
            {
                "name": "shows/iroe/busindrereel",
                "stream":true
            }]
     },"shows.iroe.gaviotes":{
        "category": "record",
        "sounds": [
            {
                "name": "shows/iroe/gaviotes",
                "stream":true
            }]
     },"shows.iroe.iroeoutro":{
        "category": "record",
        "sounds": [
            {
                "name": "shows/iroe/iroeoutro",
                "stream":true
            }]
     },"shows.iroe.iroepostshow":{
        "category": "record",
        "sounds": [
            {
                "name": "shows/iroe/iroepostshow",
                "stream":true
            }]
     },"shows.iroe.jalankopo":{
        "category": "record",
        "sounds": [
            {
                "name": "shows/iroe/jalankopo",
                "stream":true
            }]
     },"shows.iroe.ourlife":{
        "category": "record",
        "sounds": [
            {
                "name": "shows/iroe/ourlife",
                "stream":true
            }]
     },"shows.iroe.redskies":{
        "category": "record",
        "sounds": [
            {
                "name": "shows/iroe/redskies",
                "stream":true
            }]
     },"shows.iroe.safety":{
        "category": "record",
        "sounds": [
            {
                "name": "shows/iroe/safety",
                "stream":true
            }]
     },"shows.iroe.tula":{
        "category": "record",
        "sounds": [
            {
                "name": "shows/iroe/tula",
                "stream":true
            }]
     },"shows.mnsshp.announcement":{
        "category": "record",
        "sounds": [
            {
                "name": "shows/mnsshp/announcement",
                "stream":true
            }]
     },"shows.mnsshp.parade":{
        "category": "record",
        "sounds": [
            {
                "name": "shows/mnsshp/parade",
                "stream":true
            }]
     },"shows.misi.misidapi01":{
        "category": "record",
        "sounds": [
            {
                "name": "shows/misi/misidapi01",
                "stream":true
            }]
     },"shows.misi.misidapi02":{
        "category": "record",
        "sounds": [
            {
                "name": "shows/misi/misidapi02",
                "stream":true
            }]
     },"shows.misi.misidapi03":{
        "category": "record",
        "sounds": [
            {
                "name": "shows/misi/misidapi03",
                "stream":true
            }]
     },"shows.misi.misidapi04":{
        "category": "record",
        "sounds": [
            {
                "name": "shows/misi/misidapi04",
                "stream":true
            }]
     },"shows.misi.misidapiend":{
        "category": "record",
        "sounds": [
            {
                "name": "shows/misi/misidapiend",
                "stream":true
            }]
     },"shows.misi.misidapistart":{
        "category": "record",
        "sounds": [
            {
                "name": "shows/misi/misidapistart",
                "stream":true
            }]
     },"shows.msep.msep5minpreshow":{
        "category": "record",
        "sounds": [
            {
                "name": "shows/msep/msep5minpreshow",
                "stream":true
            }]
     },"shows.msep.msep10minpreshow":{
        "category": "record",
        "sounds": [
            {
                "name": "shows/msep/msep10minpreshow",
                "stream":true
            }]
     },"shows.msep.parade":{
        "category": "record",
        "sounds": [
            {
                "name": "shows/msep/parade",
                "stream":true
            }]
     },"shows.nemomusical.nemoannouncement":{
        "category": "record",
        "sounds": [
            {
                "name": "shows/nemomusical/nemoannouncement",
                "stream":true
            }]
     },"shows.nemomusical.nemopostshow":{
        "category": "record",
        "sounds": [
            {
                "name": "shows/nemomusical/nemopostshow",
                "stream":true
            }]
     },"shows.nemomusical.nemopreshow":{
        "category": "record",
        "sounds": [
            {
                "name": "shows/nemomusical/nemopreshow",
                "stream":true
            }]
     },"shows.nemomusical.nemoshow":{
        "category": "record",
        "sounds": [
            {
                "name": "shows/nemomusical/nemoshow",
                "stream":true
            }]
     },"shows.osbornelights.intro":{
        "category": "record",
        "sounds": [
            {
                "name": "shows/osbornelights/intro",
                "stream":true
            }]
     },"shows.starwars.asteroidfield":{
        "category": "record",
        "sounds": [
            {
                "name": "shows/starwars/asteroidfield",
                "stream":true
            }]
     },"shows.starwars.battleoftheheroes":{
        "category": "record",
        "sounds": [
            {
                "name": "shows/starwars/battleoftheheroes",
                "stream":true
            }]
     },"shows.starwars.cantinaband":{
        "category": "record",
        "sounds": [
            {
                "name": "shows/starwars/cantinaband",
                "stream":true
            }]
     },"shows.starwars.duelofthefates":{
        "category": "record",
        "sounds": [
            {
                "name": "shows/starwars/duelofthefates",
                "stream":true
            }]
     },"shows.starwars.imperialmarch":{
        "category": "record",
        "sounds": [
            {
                "name": "shows/starwars/imperialmarch",
                "stream":true
            }]
     },"shows.starwars.starwarstheme":{
        "category": "record",
        "sounds": [
            {
                "name": "shows/starwars/starwarstheme",
                "stream":true
            }]
     },"shows.starwars.symphonyinthestars2013":{
        "category": "record",
        "sounds": [
            {
                "name": "shows/starwars/symphonyinthestars2013",
                "stream":true
            }]
     },"shows.starwars.symphonyinthestars2014":{
        "category": "record",
        "sounds": [
            {
                "name": "shows/starwars/symphonyinthestars2014",
                "stream":true
            }]
     },"shows.villianmixmingle.villianshow":{
        "category": "record",
        "sounds": [
            {
                "name": "shows/villianmixmingle/villianshow",
                "stream":true
            }]
     },"shows.wishes.cinderellawish":{
        "category": "record",
        "sounds": [
            {
                "name": "shows/wishes/cinderellawish",
                "stream":true
            }]
     },"shows.wishes.frozenwish":{
        "category": "record",
        "sounds": [
            {
                "name": "shows/wishes/frozenwish",
                "stream":true
            }]
     },"shows.wishes.holidaypostshow":{
        "category": "record",
        "sounds": [
            {
                "name": "shows/wishes/holidaypostshow",
                "stream":true
            }]
     },"shows.wishes.newholidaywishes":{
        "category": "record",
        "sounds": [
            {
                "name": "shows/wishes/newholidaywishes",
                "stream":true
            }]
     },"shows.wishes.prehallo":{
        "category": "record",
        "sounds": [
            {
                "name": "shows/wishes/prehallo",
                "stream":true
            }]
     },"shows.wishes.wishes5minpreshow":{
        "category": "record",
        "sounds": [
            {
                "name": "shows/wishes/wishes5minpreshow",
                "stream":true
            }]
     },"shows.wishes.wishes10minpreshow":{
        "category": "record",
        "sounds": [
            {
                "name": "shows/wishes/wishes10minpreshow",
                "stream":true
            }]
     },"shows.wishes.hallowishes":{
        "category": "record",
        "sounds": [
            {
                "name": "shows/wishes/hallowishes",
                "stream":true
            }]
     },"shows.wishes.holidaywishes":{
        "category": "record",
        "sounds": [
            {
                "name": "shows/wishes/holidaywishes",
                "stream":true
            }]
    }
     
    }