{
	"believe":{
	    "category": "record",
        "sounds": [
            {
                "name": "believe",
                "stream":true
            }]
    },"christmasdemi":{
	    "category": "record",
		"sounds": [
		    {
			    "name": "christmasdemi",
				"stream":true
		    }]
	},"christmasshow":{
	    "category": "record",
        "sounds": [
            {
                "name": "christmasshow",
                "stream":true
            }]
	},"christmastown":{
	    "category": "record",
        "sounds": [
            {
                "name": "christmastown",
                "stream":true
            }]
	},"comintown":{
	    "category": "record",
        "sounds": [
            {
                "name": "comintown",
                "stream":true
            }]
	},"dotheyknowitschristmas":{
	    "category": "record",
        "sounds": [
            {
                "name": "dotheyknowitschristmas",
                "stream":true
            }]
	},"express":{
	    "category": "record",
        "sounds": [
            {
                "name": "express",
                "stream":true
            }]
	},"hanukkah":{
	    "category": "record",
        "sounds": [
            {
                "name": "hanukkah",
                "stream":true
            }]
	},"heatmiser":{
	    "category": "record",
        "sounds": [
            {
                "name": "heatmiser",
                "stream":true
            }]
	},"hotchocolate":{
	    "category": "record",
        "sounds": [
            {
                "name": "hotchocolate",
                "stream":true
            }]
	},"jinglerock":{
	    "category": "record",
        "sounds": [
            {
                "name": "jinglerock",
                "stream":true
            }]
	},"likechristmas":{
	    "category": "record",
        "sounds": [
            {
                "name": "likechristmas",
                "stream":true
            }]
	},"rockingaround":{
	    "category": "record",
        "sounds": [
            {
                "name": "rockingaround",
                "stream":true
            }]
	},"seeingbelieving":{
	    "category": "record",
        "sounds": [
            {
                "name": "seeingbelieving",
                "stream":true
            }]
	},"silverbells":{
	    "category": "record",
        "sounds": [
            {
                "name": "silverbells",
                "stream":true
            }]
	},"SpongebobChristmas":{
	    "category": "record",
        "sounds": [
            {
                "name": "SpongebobChristmas",
                "stream":true
            }]
	},"thatschristmastome":{
	    "category": "record",
        "sounds": [
            {
                "name": "thatschristmastome",
                "stream":true
            }]
	},"toymakers":{
	    "category": "record",
        "sounds": [
            {
                "name": "toymakers",
                "stream":true
            }]
	},"whitechristmas":{
	    "category": "record",
        "sounds": [
            {
                "name": "whitechristmas",
                "stream":true
            }]
	},"whitechristmaskelli":{
	    "category": "record",
        "sounds": [
            {
                "name": "whitechristmaskelli",
                "stream":true
            }]
    }
}