{
    "__comment": "Model generated using MrCrayfish's Model Creator (http://mrcrayfish.com/modelcreator/)",
    "textures": {
        "particle": "blocks/wool_colored_red",
        "0": "blocks/wool_colored_red"
    },
    "elements": [
        {
            "name": "Cube",
            "from": [ 7.5, 7.5, 1.0 ], 
            "to": [ 8.5, 8.5, 14.0 ], 
            "faces": {
                "north": { "texture": "#0", "uv": [ 0.0, 0.0, 14.0, 2.0 ] },
                "east": { "texture": "#0", "uv": [ 0.0, 0.0, 2.0, 2.0 ] },
                "south": { "texture": "#0", "uv": [ 0.0, 0.0, 14.0, 2.0 ] },
                "west": { "texture": "#0", "uv": [ 0.0, 0.0, 2.0, 2.0 ] },
                "up": { "texture": "#0", "uv": [ 0.0, 0.0, 14.0, 2.0 ] },
                "down": { "texture": "#0", "uv": [ 0.0, 0.0, 14.0, 2.0 ] }
            }
        },
        {
            "name": "Cube",
            "from": [ 7.3, 7.3499999940395355, 1.8000000044703484 ], 
            "to": [ 8.6, 8.649999998509884, 10.700000004470349 ], 
            "faces": {
                "north": { "texture": "#0", "uv": [ 0.0, 0.0, 8.900000004470348, 1.3000000044703484 ] },
                "east": { "texture": "#0", "uv": [ 0.0, 0.0, 1.3000000044703484, 1.3000000044703484 ] },
                "south": { "texture": "#0", "uv": [ 0.0, 0.0, 8.900000004470348, 1.3000000044703484 ] },
                "west": { "texture": "#0", "uv": [ 0.0, 0.0, 1.3000000044703484, 1.3000000044703484 ] },
                "up": { "texture": "#0", "uv": [ 0.0, 0.0, 8.900000004470348, 1.3000000044703484 ] },
                "down": { "texture": "#0", "uv": [ 0.0, 0.0, 8.900000004470348, 1.3000000044703484 ] }
            }
        },
        {
            "name": "Cube",
            "from": [ 7.199999988079071, 7.200000002980232, 2.899999998509884 ], 
            "to": [ 8.800000011920929, 8.800000011920929, 10.300000004470348 ], 
            "faces": {
                "north": { "texture": "#0", "uv": [ 0.0, 0.0, 7.400000020861626, 1.6000000089406967 ] },
                "east": { "texture": "#0", "uv": [ 0.0, 0.0, 1.6000000089406967, 1.6000000089406967 ] },
                "south": { "texture": "#0", "uv": [ 0.0, 0.0, 7.400000020861626, 1.6000000089406967 ] },
                "west": { "texture": "#0", "uv": [ 0.0, 0.0, 1.6000000089406967, 1.6000000089406967 ] },
                "up": { "texture": "#0", "uv": [ 0.0, 0.0, 7.400000020861626, 1.6000000089406967 ] },
                "down": { "texture": "#0", "uv": [ 0.0, 0.0, 7.400000020861626, 1.6000000089406967 ] }
            }
        },
        {
            "name": "Cube",
            "from": [ 7.600000008940697, 7.600000008940697, 1.0000000149011612 ], 
            "to": [ 8.400000008940697, 8.400000008940697, 23.90000001490116 ], 
            "faces": {
                "north": { "texture": "#0", "uv": [ 0.0, 0.0, 20.899999998509884, 0.7999999970197678 ] },
                "east": { "texture": "#0", "uv": [ 0.0, 0.0, 0.7999999970197678, 0.7999999970197678 ] },
                "south": { "texture": "#0", "uv": [ 0.0, 0.0, 20.899999998509884, 0.7999999970197678 ] },
                "west": { "texture": "#0", "uv": [ 0.0, 0.0, 0.7999999970197678, 0.7999999970197678 ] },
                "up": { "texture": "#0", "uv": [ 0.0, 0.0, 20.899999998509884, 0.7999999970197678 ] },
                "down": { "texture": "#0", "uv": [ 0.0, 0.0, 20.899999998509884, 0.7999999970197678 ] }
            }
        }
    ]
}