{
    "tron.laser":{
        "category": "record",
        "sounds": [
            {
                "name": "tron/laser",
                "stream":false
            }]
    },"tron.disc":{
        "category": "record",
        "sounds": [
            {
                "name": "tron/disc",
                "stream":false
            }]
    },"tron.lightcycle":{
        "category": "record",
        "sounds": [
            {
                "name": "tron/lightcycle",
                "stream":false
            }]
    },"tron.lasertag.shoot":{
        "category": "record",
        "sounds": [
            {
                "name": "tron/lasertag/shoot",
                "stream":false
            }]
    }
}