{
  "FreakShow": {
    "category": "record",
    "sounds": [
      {
        "name": "FreakShow",
        "stream": true
      }
    ]
  },
  "pm1": {
    "category": "record",
    "sounds": [
      {
        "name": "pm1",
        "stream": true
      }
    ]
  },
  "pm2": {
    "category": "record",
    "sounds": [
      {
        "name": "pm2",
        "stream": true
      }
    ]
  },
  "pm3": {
    "category": "record",
    "sounds": [
      {
        "name": "pm3",
        "stream": true
      }
    ]
  },
  "pm4": {
    "category": "record",
    "sounds": [
      {
        "name": "pm4",
        "stream": true
      }
    ]
  },
  "pm5": {
    "category": "record",
    "sounds": [
      {
        "name": "pm5",
        "stream": true
      }
    ]
  },
  "pm6": {
    "category": "record",
    "sounds": [
      {
        "name": "pm6",
        "stream": true
      }
    ]
  },
  "pm7": {
    "category": "record",
    "sounds": [
      {
        "name": "pm7",
        "stream": true
      }
    ]
  },
  "pm8": {
    "category": "record",
    "sounds": [
      {
        "name": "pm8",
        "stream": true
      }
    ]
  },
  "pm9": {
    "category": "record",
    "sounds": [
      {
        "name": "pm9",
        "stream": true
      }
    ]
  },
  "pm10": {
    "category": "record",
    "sounds": [
      {
        "name": "pm10",
        "stream": true
      }
    ]
  },
  "pm11": {
    "category": "record",
    "sounds": [
      {
        "name": "pm11",
        "stream": true
      }
    ]
  },
  "potc01": {
    "category": "record",
    "sounds": [
      {
        "name": "potc01",
        "stream": true
      }
    ]
  },
  "potc02": {
    "category": "record",
    "sounds": [
      {
        "name": "potc02",
        "stream": true
      }
    ]
  },
  "potc05": {
    "category": "record",
    "sounds": [
      {
        "name": "potc05",
        "stream": true
      }
    ]
  },
  "potc06": {
    "category": "record",
    "sounds": [
      {
        "name": "potc06",
        "stream": true
      }
    ]
  },
  "potc07": {
    "category": "record",
    "sounds": [
      {
        "name": "potc07",
        "stream": true
      }
    ]
  },
  "potc08": {
    "category": "record",
    "sounds": [
      {
        "name": "potc08",
        "stream": true
      }
    ]
  },
  "PirateBattle": {
    "category": "record",
    "sounds": [
      {
        "name": "PirateBattle",
        "stream": true
      }
    ]
  },
  "potc03": {
    "category": "record",
    "sounds": [
      {
        "name": "potc03",
        "stream": true
      }
    ]
  },
  "potc04": {
    "category": "record",
    "sounds": [
      {
        "name": "potc04",
        "stream": true
      }
    ]
  },
  "nmbc": {
    "category": "record",
    "sounds": [
      {
        "name": "nmbc",
        "stream": true
      }
    ]
  }
}