{
  "MD01": {
    "category": "record",
    "sounds": [
      "MD01"
    ]
  },
  "MD02": {
    "category": "record",
    "sounds": [
      "MD02"
    ]
  },
  "MD03": {
    "category": "record",
    "sounds": [
      "MD03"
    ]
  },
  "MD04": {
    "category": "record",
    "sounds": [
      "MD04"
    ]
  },
  "MD05": {
    "category": "record",
    "sounds": [
      "MD05"
    ]
  },
  "MD07": {
    "category": "record",
    "sounds": [
      "MD07"
    ]
  },
  "MD08": {
    "category": "record",
    "sounds": [
      "MD08"
    ]
  },
  "MDdragon": {
    "category": "record",
    "sounds": [
      "MDdragon"
    ]
  },
  "MD06": {
    "category": "record",
    "sounds": [
      "MD06"
    ]
  },
  "MD09": {
    "category": "record",
    "sounds": [
      "MD09"
    ]
  },
  "mdpeoplemover": {
    "category": "record",
    "sounds": [
      {
        "name": "mdpeoplemover",
        "stream": true
      }
    ]
  },
  "AnvCastle": {
    "category": "record",
    "sounds": [
      {
        "name": "AnvCastle",
        "stream": true
      }
    ]
  },
  "AnvCastlePostShow": {
    "category": "record",
    "sounds": [
      {
        "name": "AnvCastlePostShow",
        "stream": true
      }
    ]
  },
  "CastleAnnivPreshow": {
    "category": "record",
    "sounds": [
      {
        "name": "CastleAnnivPreshow",
        "stream": true
      }
    ]
  },
  "FPOD": {
    "category": "record",
    "sounds": [
      {
        "name": "FPOD",
        "stream": true
      }
    ]
  },
  "FPODIntro": {
    "category": "record",
    "sounds": [
      {
        "name": "FPODIntro",
        "stream": true
      }
    ]
  },
  "FPODPostShow": {
    "category": "record",
    "sounds": [
      {
        "name": "FPODPostShow",
        "stream": true
      }
    ]
  }
}